"filename","signature"
"Bug's Life, A (France)","F1A80EB0"
"Bug's Life, A (Italy)","BF96D385"
"Defi au Tetris Magique (France)","B4866C6A"
"Donsol (World) (Aftermarket) (Unl)","4F403BC6"
"Duke Nukem - Zero Hour (France)","250E8054"
"Duke Nukem 64 (France)","E3B52C43"
"F-1 World Grand Prix (France)","83B46DA3"
"F1 Racing Championship (Brazil) (En,Fr)","762B13E8"
"Fighters Destiny (France)","20DD0280"
"Fission Failure 64 (World) (Aftermarket) (Unl)","62E8B936"
"Flood64 (World) (En,Fr,Es) (Aftermarket) (Unl)","4D5381C7"
"Freak Boy (Unknown) (Proto)","A6C5C10A"
"Glamorous Zombie Flakes (World) (Aftermarket) (Unl)","2419C40F"
"Hexen (France)","40945445"
"Holy Magic Century (France)","2A05D4E5"
"Hydro Thunder (France)","41BF1C68"
"Mission - Impossible (France)","72ED569F"
"Mission - Impossible (Italy)","4780CB49"
"Mission - Impossible (Spain) (Rev 1)","841BFA84"
"Mission - Impossible (Spain)","EF08CD41"
"Pokemon Puzzle League (France)","1CC0BB7E"
"Pokemon Snap (France)","220CC739"
"Pokemon Snap (Italy)","D758DE3F"
"Pokemon Snap (Spain)","83666E84"
"Pokemon Stadium (France)","97861DCF"
"Pokemon Stadium (Italy)","A7DD37C5"
"Pokemon Stadium (Spain)","1B56EC3D"
"Pokemon Stadium 2 (France)","1F629185"
"Pokemon Stadium 2 (Italy)","E3F0CE56"
"Pokemon Stadium 2 (Spain)","D97D1196"
"Pyoro 64 (Unknown) (MPAL) (Aftermarket) (Unl)","BBD534F3"
"Pyoro 64 (Unknown) (NTSC) (Aftermarket) (Unl)","68BDC8CB"
"Pyoro 64 (Unknown) (PAL) (Aftermarket) (Unl)","1BD7122D"
"Razmoket, Les - La Chasse aux Tresors (France)","720871E4"
"Ronaldinho's Soccer 64 (Brazil) (Pirate)","DC4420C7"
"Sblobber 64 (World) (Aftermarket) (Unl)","59BE1A86"
"Shadow Man (Brazil)","314C28DE"
"Shadow Man (France)","3FE9580B"
"South Park (Brazil)","38CF7B32"
"Styx (World) (Aftermarket) (Unl)","30869CE6"
"Swoop 64, The (World) (Aftermarket) (Unl)","F61D7436"
"Tarzan (France)","90DF48C7"
"Telefoot Soccer 2000 (France)","06B608C0"
"Telelocation - Gemini (World) (64Brew Game Jam 2020) (Aftermarket) (Unl)","62B35F91"
"Tom Clancy's Rainbow Six (France)","0DCB626B"
"Top Gear Rally (Asia) (En)","C13EA5E5"
"Toy Story 2 - Buzz l'Eclair a la Rescousse! (France)","5CCCCFEE"
"Vigilante 8 (France)","82B5ED05"
"Wide-Boy64 AGB (World) (v0.00b) (Beta)","F414894D"
"Wide-Boy64 AGB (World) (v0.02c)","530AB2BE"
"Wide-Boy64 AGB (World) (v0.04c)","DB769579"
"Wide-Boy64 CGB (World) (v1.02)","1822C044"
"Wizard of the Board (World) (NTSC) (Aftermarket) (Unl)","9BD3203A"
"Wizard of the Board (World) (PAL) (Aftermarket) (Unl)","D411019A"
"007 - The World Is Not Enough (NTSC) (v2) (Beta)","58EDDA04"
"007 - The World Is Not Enough (NTSC) (v21) (Beta)","9997C2BF"
"007 - The World Is Not Enough (NTSC)","7F3A3558"
"1080 Snowboarding (Japan, USA) (En,Ja)","17C5222C"
"1080 Snowboarding (NTSC) (En,Ja) (LodgeNet)","4B2A83F3"
"2048 (World) (En,Fr,Es) (Aftermarket) (Unl)","404DEB1B"
"3D Model RGB Test Program (NTSC) (Test Program)","3F201ED8"
"40 Winks (NTSC) (Aftermarket) (Unl)","43D62A2A"
"40 Winks (NTSC) (Proto) (2000-01-10)","346ACF8D"
"AeroFighters Assault (NTSC)","CF72F441"
"AeroGauge (NTSC)","C05AC90F"
"Aidyn Chronicles - The First Mage (NTSC) (Beta) (2000-02-10)","A85996F9"
"Aidyn Chronicles - The First Mage (NTSC) (Beta) (2000-05-09)","B309E3FA"
"Aidyn Chronicles - The First Mage (NTSC) (Beta) (2000-12-05)","6D4ECA90"
"Aidyn Chronicles - The First Mage (NTSC) (Rev 1)","F035B4C4"
"Aidyn Chronicles - The First Mage (NTSC)","2E74DE9C"
"All Star Tennis 99 (NTSC)","B1EE945C"
"All-Star Baseball 2000 (NTSC)","940F1395"
"All-Star Baseball 2001 (NTSC)","7B1917C7"
"All-Star Baseball 99 (NTSC)","CBF9DD35"
"Armorines - Project S.W.A.R.M. (NTSC)","C240E949"
"Army Men - Air Combat (NTSC)","77A7E487"
"Army Men - Sarge's Heroes (NTSC)","CBDB20E0"
"Army Men - Sarge's Heroes 2 (NTSC)","BE1523CD"
"Asteroids Hyper 64 (NTSC)","A222B3A3"
"Automobili Lamborghini (NTSC)","31EB0049"
"Banjo-Kazooie (NTSC) (Rev 1)","C257E8F3"
"Banjo-Kazooie (NTSC)","C3F6F568"
"Banjo-Tooie (NTSC)","4F9832D9"
"Bassmasters 2000 (NTSC) (Beta)","E1885696"
"Bassmasters 2000 (NTSC)","EE9CA2EB"
"Batman Beyond - Return of the Joker (NTSC)","123D4D7A"
"BattleTanx (NTSC)","AE4B8B9F"
"BattleTanx - Global Assault (NTSC)","09708FB9"
"Battlezone - Rise of the Black Dogs (NTSC)","6DAE3ABB"
"Beetle Adventure Racing! (NTSC) (En,Fr,De)","229DD6A9"
"Big Mountain 2000 (NTSC)","111200BD"
"Bio F.R.E.A.K.S. (NTSC)","A73F869F"
"Blast Corps (NTSC) (Rev 1)","B86AB3BA"
"Blast Corps (NTSC)","577D3500"
"Blues Brothers 2000 (NTSC)","B862B7F6"
"Body Harvest (NTSC)","0AC7FF30"
"Bomberman 64 (NTSC)","89EEFC64"
"Bomberman 64 - The Second Attack! (NTSC)","3897882C"
"Bomberman Hero (NTSC)","8A11842C"
"Bottom of the 9th (NTSC)","A1A099A3"
"Brunswick Circuit Pro Bowling (NTSC)","14A38E4F"
"Buck Bumble (NTSC)","D827B5D2"
"Bug's Life, A (NTSC)","A146E44D"
"Bust-A-Move '99 (NTSC)","9677BE48"
"Bust-A-Move 2 - Arcade Edition (NTSC)","11860E27"
"Bust-A-Move 3 DX (NTSC) (Beta) (1998-08-28)","EE127DC9"
"California Speed (NTSC)","9A776B7C"
"Carmageddon 64 (NTSC)","71B58E1B"
"Carnivale - Cenzo's Adventure (NTSC) (Proto) (2000-07-21)","089953F4"
"Castlevania (NTSC) (Rev 1)","DD7A3C0E"
"Castlevania (NTSC) (Rev 2)","829D3617"
"Castlevania (NTSC)","8FB42992"
"Castlevania - Legacy of Darkness (NTSC)","571F4AA3"
"Chameleon Twist (NTSC) (Rev 1)","46445057"
"Chameleon Twist (NTSC)","E0304516"
"Chameleon Twist 2 (NTSC)","6E74E8E6"
"Charlie Blast's Territory (NTSC)","87607BB7"
"Chopper Attack (NTSC)","C538030C"
"Clay Fighter - Sculptor's Cut (NTSC)","7B8F200D"
"Clay Fighter 63 1-3 (NTSC) (Beta)","408FE860"
"Clay Fighter 63 1-3 (NTSC)","1C6DE8F2"
"Command & Conquer (NTSC)","DF587110"
"Conker's Bad Fur Day (NTSC) (Beta) (2000-08-26) (ECTS 2000)","20A9F7A2"
"Conker's Bad Fur Day (NTSC) (Beta) (2000-10-25)","261C877B"
"Conker's Bad Fur Day (NTSC)","20B8E93F"
"Cruis'n Exotica (NTSC)","2C00E5F4"
"Cruis'n USA (PAL)","48B8BC85"
"Cruis'n USA (NTSC) (Rev 1)","E06B3CA1"
"Cruis'n USA (NTSC) (Rev 2)","BA0A217E"
"Cruis'n USA (NTSC) (Wii Virtual Console)","2CD062BF"
"Cruis'n USA (NTSC)","9010E6A3"
"Cruis'n World (NTSC)","290E8150"
"CyberTiger (NTSC)","39A56F04"
"Dark Rift (NTSC)","9AD34AB6"
"Deadly Arts (NTSC)","7721BB23"
"Destruction Derby 64 (NTSC) (Beta) (1998-07-31)","9FD66AF2"
"Destruction Derby 64 (NTSC)","F3FF6662"
"Diddy Kong Racing (NTSC) (En,Fr) (Rev 1)","40DE0109"
"Diddy Kong Racing (NTSC) (En,Fr)","3E3CD2DD"
"Die Hard 64 (NTSC) (Proto) (Level 1)","06E15F09"
"Die Hard 64 (NTSC) (Proto) (Level 2)","A2DFE36A"
"Die Hard 64 (NTSC) (Proto) (Level 3)","1F487BC1"
"Dinosaur Planet (NTSC) (Proto) (2000-12-01)","0C35DB9C"
"Donald Duck - Goin' Quackers (NTSC) (En,Fr,De,Es,It)","AD688513"
"Donkey Kong 64 (NTSC) (Demo) (Kiosk)","B76EA329"
"Donkey Kong 64 (NTSC) (LodgeNet)","65A0733E"
"Donkey Kong 64 (NTSC)","89239B0E"
"Doom 64 (NTSC) (Beta) (1996-12-10)","AB6F7438"
"Doom 64 (NTSC) (Rev 1)","9A5CCBA2"
"Doom 64 (NTSC)","A2A5229D"
"Dr. Mario 64 (NTSC) (LodgeNet)","38820786"
"Dr. Mario 64 (NTSC)","3B356814"
"Dragon Sword 64 (NTSC) (Proto) (1999-08-25)","6A7F5559"
"Dual Heroes (NTSC)","1935AA23"
"Duck Dodgers Starring Daffy Duck (NTSC) (En,Fr,Es) (Beta 1)","331C86EC"
"Duck Dodgers Starring Daffy Duck (NTSC) (En,Fr,Es) (Beta 2) (2000-03-07)","86463773"
"Duck Dodgers Starring Daffy Duck (NTSC) (En,Fr,Es)","6352A50D"
"Duke Nukem - Zero Hour (NTSC) (Beta)","43AC25EB"
"Duke Nukem - Zero Hour (NTSC)","4A45416E"
"Duke Nukem 64 (NTSC)","E2BBF74F"
"ECW Hardcore Revolution (NTSC) (Beta)","67612185"
"ECW Hardcore Revolution (NTSC)","7093D06A"
"EEPROM & SRAM Erase Program (NTSC) (v1.2) (LodgeNet)","F3ED61CD"
"Earthworm Jim 3D (NTSC)","68D163CF"
"Excitebike 64 (NTSC) (Demo) (Kiosk)","E147BC49"
"Excitebike 64 (NTSC) (LodgeNet)","667AC84A"
"Excitebike 64 (NTSC) (Rev 1)","EC535928"
"Excitebike 64 (NTSC)","D0FB7472"
"Extreme-G (NTSC)","7C59B2A4"
"Extreme-G XG2 (NTSC)","3FBC42AF"
"F-1 World Grand Prix (NTSC)","EAEC4252"
"F-Zero X (NTSC) (LodgeNet)","6BF49311"
"F-Zero X (NTSC)","7A9CFA1E"
"F1 Pole Position 64 (NTSC) (En,Fr,De)","E0EA96B2"
"F1 Racing Championship (NTSC) (Beta)","3B14EF26"
"FIFA - Road to World Cup 98 (NTSC) (En,Fr,De,Es,It,Nl,Sv)","887A8FE3"
"FIFA 99 (NTSC) (En,Fr,De,Es,It,Nl,Pt,Sv)","BAD023DF"
"FIFA Soccer 64 (NTSC) (En,Fr,De)","C3DA78E3"
"Fighter Destiny 2 (NTSC)","5218EB6C"
"Fighters Destiny (NTSC)","B5CE1A05"
"Fighting Force 64 (NTSC)","6101E995"
"Flying Dragon (NTSC)","5B7CAFAC"
"Forsaken 64 (NTSC)","E2207801"
"Fox Sports College Hoops '99 (NTSC)","48283C1B"
"Frogger 2 (NTSC) (Proto 1)","4AE829DC"
"Frogger 2 (NTSC) (Proto 2)","46D794E1"
"GT 64 - Championship Edition (NTSC) (Beta) (1998-05-25)","E4AA1414"
"GT 64 - Championship Edition (NTSC)","84D0E2E4"
"GameBooster 64 (NTSC) (v1.1) (Unl).bin","4923B652"
"GameShark Pro (NTSC) (v2.0) (Unl).bin","CBBD1261"
"GameShark Pro (NTSC) (v3.3) (Unl).bin","D8BEF4CA"
"Gauntlet Legends (NTSC) (LodgeNet)","4E1DFAEE"
"Gauntlet Legends (NTSC)","F43DB086"
"Gex 3 - Deep Cover Gecko (NTSC)","ADF6FA75"
"Gex 64 - Enter the Gecko (NTSC)","BB2A1DB7"
"Glover (NTSC) (1998-07-16) (Beta) [b]","BC6D52A2"
"Glover (NTSC) (1998-09-04) (Beta)","99E278F2"
"Glover (NTSC) (En,Fr,De) (Aftermarket) (Unl)","1A7DAA06"
"Glover (NTSC)","B9F1CB91"
"Glover 2 (NTSC) (Proto 1)","CDE43BAE"
"Glover 2 (NTSC) (Proto 2)","A4620E2B"
"Goemon's Great Adventure (NTSC)","17E9B6A1"
"Golden Nugget 64 (NTSC)","F0E918FF"
"GoldenEye 007 (NTSC)","AC631DA0"
"Harvest Moon 64 (NTSC)","9BFFFB3F"
"Hercules - The Legendary Journeys (NTSC) (Beta 1)","6C5D9FD3"
"Hercules - The Legendary Journeys (NTSC) (Beta 2)","933415DB"
"Hercules - The Legendary Journeys (NTSC)","8C6894B8"
"Hexen (NTSC)","F61D66E3"
"Hey You, Pikachu! (NTSC)","32CB1B48"
"Hot Wheels - Turbo Racing (NTSC)","BA557B6B"
"Hybrid Heaven (NTSC)","91D646C4"
"Hydro Thunder (NTSC) (LodgeNet)","90572F9D"
"Hydro Thunder (NTSC)","AC5F19FA"
"Iggy's Reckin' Balls (NTSC) (Beta)","1B984917"
"Iggy's Reckin' Balls (NTSC)","8433D173"
"In-Fisherman - Bass Hunter 64 (NTSC)","C2494E54"
"Indiana Jones and the Infernal Machine (NTSC)","474FE11B"
"Indy Racing 2000 (NTSC)","BA67D4E1"
"International Superstar Soccer '98 (NTSC)","F785EDB4"
"International Superstar Soccer 2000 (NTSC) (En,Es) (Rev 1)","1D7FCCFE"
"International Superstar Soccer 2000 (NTSC) (En,Es)","A63CC09A"
"International Superstar Soccer 64 (NTSC)","17E4AEB2"
"International Track & Field 2000 (NTSC)","4923D13B"
"Jeopardy! (NTSC)","BE433913"
"Jeremy McGrath Supercross 2000 (NTSC) (Beta)","D2DD7E22"
"Jeremy McGrath Supercross 2000 (NTSC)","563B66FA"
"Jet Force Gemini (NTSC) (Demo) (Kiosk)","99A87281"
"Jet Force Gemini (NTSC)","8CAD7830"
"John Romero's Daikatana (NTSC)","7883F218"
"Ken Griffey Jr.'s Slugfest (NTSC)","3884976C"
"Killer Instinct Gold (NTSC) (Rev 1)","B5B713CD"
"Killer Instinct Gold (NTSC) (Rev 2)","9DF2A0FB"
"Killer Instinct Gold (NTSC)","9A028D50"
"Kirby 64 - The Crystal Shards (NTSC) (LodgeNet)","408EAED1"
"Kirby 64 - The Crystal Shards (NTSC)","C2A949F2"
"Knife Edge - Nose Gunner (NTSC)","34C2C4A8"
"Knockout Kings 2000 (NTSC)","2FA7D906"
"Kobe Bryant in NBA Courtside (NTSC)","717CB88D"
"LEGO Racers (NTSC) (En,Fr,De,Es,It,Nl,Sv,No,Da,Fi)","5172939B"
"Legend of Zelda, The - Majora's Mask (NTSC) (Demo) (Kiosk)","8BE5BAAC"
"Legend of Zelda, The - Majora's Mask (NTSC) (GameCube)","C2871DAA"
"Legend of Zelda, The - Majora's Mask (NTSC) (LodgeNet)","5155B15E"
"Legend of Zelda, The - Majora's Mask (NTSC)","8E94F2DD"
"Legend of Zelda, The - Ocarina of Time (NTSC) (Beta)","01FCA7FF"
"Legend of Zelda, The - Ocarina of Time (NTSC) (GameCube)","93EC156D"
"Legend of Zelda, The - Ocarina of Time (NTSC) (LodgeNet)","5B949DC4"
"Legend of Zelda, The - Ocarina of Time (NTSC) (Rev 1)","53D8A515"
"Legend of Zelda, The - Ocarina of Time (NTSC) (Rev 2)","FCF7FF34"
"Legend of Zelda, The - Ocarina of Time (NTSC)","E5240D18"
"Legend of Zelda, The - Ocarina of Time - Master Quest (NTSC) (GameCube)","D7C30219"
"Legend of Zelda, The - The Sealed Palace (NTSC) (v1.21) (Aftermarket) (Pirate)","0CE174EB"
"Legend of Zelda, The - The Sealed Palace (NTSC) (v1.3) (Aftermarket) (Pirate)","905617CE"
"Lode Runner 3-D (NTSC)","12E55D5E"
"MRC - Multi-Racing Championship (NTSC)","377E874D"
"Mace - The Dark Age (NTSC) (Beta)","14D6AAE2"
"Mace - The Dark Age (NTSC)","871BBC72"
"Madden Football 64 (NTSC)","7CA344CC"
"Madden NFL 2000 (NTSC)","BA12A9A9"
"Madden NFL 2001 (NTSC)","E009A99C"
"Madden NFL 2002 (NTSC)","636C6FF8"
"Madden NFL 99 (NTSC) (1998-08-05) (Beta)","3AF8CF55"
"Madden NFL 99 (NTSC) (Rev 1)","555EA2FB"
"Madden NFL 99 (NTSC)","088CA0DB"
"Magical Tetris Challenge (NTSC)","DD780ABF"
"Major League Baseball Featuring Ken Griffey Jr. (NTSC)","04243654"
"Mario Golf (NTSC) (LodgeNet)","A89F70E8"
"Mario Golf (NTSC)","646054A7"
"Mario Kart 64 (NTSC) (LodgeNet)","7F2D392F"
"Mario Kart 64 (NTSC)","03CC04EE"
"Mario Party (NTSC)","025B1BEB"
"Mario Party 2 (NTSC)","6BB03F80"
"Mario Party 3 (NTSC) (Beta)","660A44DC"
"Mario Party 3 (NTSC) (LodgeNet)","403092EB"
"Mario Party 3 (NTSC)","9613A218"
"Mario Tennis (NTSC) (LodgeNet)","88650D39"
"Mario Tennis (NTSC) (Wii Virtual Console)","6B66D63B"
"Mario Tennis (NTSC)","6A8078F5"
"Mega Man 64 (NTSC) (Beta)","168E2FD8"
"Mega Man 64 (NTSC)","02E906A1"
"Mia Hamm Soccer 64 (NTSC) (En,Es)","E61E368A"
"Mickey no Racing Challenge USA (NTSC-J)","0546998B"
"Mickey's Speedway USA (PAL) (En,Fr,De,Es,It)","194958ED"
"Mickey's Speedway USA (NTSC)","F0280886"
"Micro Machines 64 Turbo (NTSC)","F79F53CF"
"Midway's Greatest Arcade Hits - Volume 1 (NTSC) (LodgeNet)","41C5AB0D"
"Midway's Greatest Arcade Hits - Volume 1 (NTSC)","47F55A65"
"Mike Piazza's Strike Zone (NTSC)","844E2678"
"Milo's Astro Lanes (NTSC)","97A533C0"
"Mini Racers (NTSC) (Ja) (Proto)","D2BEF892"
"Mischief Makers (NTSC) (Rev 1)","B7108E95"
"Mischief Makers (NTSC)","941DBDC7"
"Mission - Impossible (NTSC)","DE05BEBD"
"Monaco Grand Prix (NTSC)","D1610042"
"Monopoly (NTSC)","B54EC52B"
"Monster Truck Madness 64 (NTSC)","6563ADE7"
"Mortal Kombat 4 (NTSC) (LodgeNet)","E37614BD"
"Mortal Kombat 4 (NTSC)","E0A11622"
"Mortal Kombat Mythologies - Sub-Zero (NTSC)","DD7CBFD6"
"Mortal Kombat Trilogy (NTSC) (1996-05-13) (Beta)","2B776FF8"
"Mortal Kombat Trilogy (NTSC) (Rev 1)","D4069EFC"
"Mortal Kombat Trilogy (NTSC) (Rev 2)","0FA0615B"
"Mortal Kombat Trilogy (NTSC)","4C7ACA52"
"Ms. Pac-Man - Maze Madness (NTSC)","903404E6"
"Mystical Ninja Starring Goemon (NTSC)","ADD7A87D"
"NASCAR 2000 (NTSC)","7BF2D3EB"
"NASCAR 99 (NTSC)","DA3391CC"
"NBA Courtside 2 featuring Kobe Bryant (NTSC)","6E251C9D"
"NBA Hangtime (NTSC)","95C1FEC7"
"NBA Jam 2000 (NTSC)","EE0902DE"
"NBA Jam 99 (NTSC) (Beta) (1998-09-25)","EDB19F36"
"NBA Jam 99 (NTSC)","AC73D889"
"NBA Live 2000 (NTSC) (En,Fr,De,Es)","DFF3047B"
"NBA Live 99 (NTSC) (En,Fr,De,Es,It)","2C389B1C"
"NBA Showtime - NBA on NBC (NTSC)","C2880286"
"NBA in the Zone '98 (NTSC)","5C02725A"
"NBA in the Zone '99 (NTSC)","7D55EEE7"
"NBA in the Zone 2000 (NTSC)","5E210D99"
"NFL Blitz (NTSC)","5738BDA3"
"NFL Blitz - Special Edition (NTSC)","AB10BD70"
"NFL Blitz 2000 (NTSC) (Rev 1)","1959A08A"
"NFL Blitz 2000 (NTSC)","DCE98B4C"
"NFL Blitz 2001 (NTSC)","3049173B"
"NFL QB Club 2001 (NTSC)","0498E26E"
"NFL Quarterback Club 2000 (NTSC)","09C9EBF2"
"NFL Quarterback Club 98 (NTSC)","079955A7"
"NFL Quarterback Club 99 (NTSC)","EC4D4431"
"NHL 99 (NTSC)","315BD0E7"
"NHL Blades of Steel '99 (NTSC)","AA3B76F1"
"NHL Breakaway 98 (NTSC)","572A9139"
"NHL Breakaway 99 (NTSC)","B04BDBDF"
"Nagano Winter Olympics '98 (NTSC)","0149B304"
"Namco Museum 64 (NTSC)","765D40EF"
"New Tetris, The (NTSC) (LodgeNet)","77B7503A"
"New Tetris, The (NTSC)","FB847357"
"Nightmare Creatures (NTSC)","9908C4C6"
"Nuclear Strike 64 (NTSC) (1999-09-21) (Beta)","913D4687"
"Nuclear Strike 64 (NTSC) (Beta) (Earlier)","92FBE838"
"Nuclear Strike 64 (NTSC)","A2FE0CB3"
"O.D.T. (NTSC) (En,Fr,Es) (Proto)","3F31702C"
"Off Road Challenge (NTSC)","5D49E6D6"
"Ogre Battle 64 - Person of Lordly Caliber (NTSC) (Rev 1)","FB04C6AC"
"Ogre Battle 64 - Person of Lordly Caliber (NTSC)","B372FA05"
"Olympic Hockey 98 (NTSC)","A5EE8965"
"PGA European Tour (NTSC)","D60FB3E2"
"Paper Mario (NTSC) (LodgeNet)","27816D07"
"Paper Mario (NTSC)","BE5799F3"
"Paperboy (NTSC)","6565B3A3"
"Penny Racers (NTSC)","5A98DE60"
"Perfect Dark (NTSC) (2000-03-22) (Debug)","FE737167"
"Perfect Dark (NTSC) (Rev 1)","BC576A02"
"Perfect Dark (NTSC)","4A30A808"
"Pilotwings 64 (NTSC) (LodgeNet)","435F3E5C"
"Pilotwings 64 (NTSC)","71D82DC2"
"Pokemon Puzzle League (NTSC)","77A46B7C"
"Pokemon Snap (NTSC) (LodgeNet)","CA96551B"
"Pokemon Snap (NTSC)","DDA4B861"
"Pokemon Snap Station (NTSC) (Demo) (Kiosk)","AA8F53F8"
"Pokemon Stadium (NTSC) (Rev 1)","2D0F5798"
"Pokemon Stadium (NTSC) (Rev 2)","E23B1AFC"
"Pokemon Stadium (NTSC)","4E6866EC"
"Pokemon Stadium 2 (NTSC)","DD37743A"
"Polaris SnoCross (NTSC)","F7A5D91B"
"Power Rangers - Lightspeed Rescue (NTSC)","BF3C8A26"
"Powerpuff Girls, The - Chemical X-Traction (NTSC) (Beta) (2001-09-27)","C120C16A"
"Powerpuff Girls, The - Chemical X-Traction (NTSC)","469CAAD8"
"Quake (NTSC)","A5AC98E4"
"Quake II (NTSC)","37579204"
"Quest 64 (NTSC)","9009A21A"
"RR64 - Ridge Racer 64 (NTSC)","838FADD3"
"Rally Challenge 2000 (NTSC)","EAD8D623"
"Rampage - World Tour (NTSC)","86766168"
"Rampage 2 - Universal Tour (NTSC) (LodgeNet)","7126C1D1"
"Rampage 2 - Universal Tour (NTSC)","796528C0"
"Rat Attack! (NTSC)","D5C471B2"
"Rayman 2 - The Great Escape (NTSC) (En,Fr,De,Es,It)","E487FEF7"
"Razor Freestyle Scooter (NTSC)","8B30B5A2"
"Re-Volt (NTSC)","C88D19DA"
"Ready 2 Rumble Boxing (NTSC) (LodgeNet)","29D587F4"
"Ready 2 Rumble Boxing (NTSC)","D51D95F6"
"Ready 2 Rumble Boxing - Round 2 (NTSC)","E34100CB"
"Resident Evil 2 (NTSC) (Rev 1)","29F97010"
"Resident Evil 2 (NTSC)","B4647966"
"Road Rash 64 (NTSC) (Beta 1)","D5824FD8"
"Road Rash 64 (NTSC) (Beta 2)","5DF296C3"
"Road Rash 64 (NTSC)","94329154"
"Roadsters (NTSC) (En,Fr,Es)","E30ED745"
"Robotech - Crystal Dreams (NTSC) (Proto 1)","2AE5889E"
"Robotech - Crystal Dreams (NTSC) (Proto 2)","79F7EB16"
"Robotron 64 (NTSC)","40BB5E42"
"Rocket - Robot on Wheels (NTSC)","9F9267A7"
"Rugrats - Scavenger Hunt (NTSC) (Beta) (1999-04-02)","41FE78A3"
"Rugrats - Scavenger Hunt (NTSC)","33B6A071"
"Rugrats in Paris - The Movie (NTSC)","7809ED5D"
"Rush 2 - Extreme Racing USA (PAL) (En,Fr,De,Es,It,Nl)","29171592"
"Rush 2 - Extreme Racing USA (NTSC) (LodgeNet)","C01944AF"
"Rush 2 - Extreme Racing USA (NTSC)","431A0DF7"
"S.C.A.R.S. (NTSC)","B98E996C"
"San Francisco Rush - Extreme Racing (NTSC) (En,Fr,De) (Rev 1)","5D505FFA"
"San Francisco Rush - Extreme Racing (NTSC) (En,Fr,De)","44FC8855"
"San Francisco Rush 2049 (NTSC)","8B0F5E93"
"Scooby-Doo! - Classic Creep Capers (NTSC) (Rev 1)","6839C119"
"Scooby-Doo! - Classic Creep Capers (NTSC)","DBCFD54B"
"Sesame Street - Elmo's Letter Adventure (NTSC)","AD282848"
"Sesame Street - Elmo's Number Journey (NTSC)","FBE8C879"
"Shadow Man (NTSC)","7FD2D858"
"Shadowgate 64 - Trials of the Four Towers (NTSC) (En,Es) (Beta)","4CBC2623"
"Shadowgate 64 - Trials of the Four Towers (NTSC) (En,Es)","8DECD965"
"SimCopter 64 (NTSC) (Proto)","080E53F7"
"Snowboard Kids (NTSC)","D30CA662"
"Snowboard Kids 2 (NTSC)","3D9CD3DD"
"South Park (NTSC)","72EBD4E4"
"South Park - Chef's Luv Shack (NTSC)","BCF9DAB5"
"South Park Rally (NTSC) (Beta) (2000-01-14)","F837ED10"
"South Park Rally (NTSC) (Beta) (2000-01-27)","308E7B09"
"South Park Rally (NTSC)","B908E90C"
"Space Invaders (NTSC)","06F96131"
"SpaceStation Silicon Valley (NTSC) (Rev 1)","BD59DD9A"
"SpaceStation Silicon Valley (NTSC)","4DFCB246"
"Spider-Man (NTSC)","E5CDED18"
"Star Fox 64 (NTSC) (LodgeNet)","562775E9"
"Star Fox 64 (NTSC) (Rev 1)","AC2673FE"
"Star Fox 64 (NTSC)","B04B4109"
"Star Soldier - Vanishing Earth (NTSC)","BA7F5A1A"
"Star Wars - Rogue Squadron (NTSC) (LodgeNet)","8C914CFE"
"Star Wars - Rogue Squadron (NTSC) (Rev 1)","F966C152"
"Star Wars - Rogue Squadron (NTSC)","437B3EE6"
"Star Wars - Shadows of the Empire (NTSC) (Aftermarket) (Unl)","8D674C7E"
"Star Wars - Shadows of the Empire (NTSC) (Beta) (1996-10-15)","1A7371C5"
"Star Wars - Shadows of the Empire (NTSC) (Rev 1)","175E4203"
"Star Wars - Shadows of the Empire (NTSC) (Rev 2)","8EA56D16"
"Star Wars - Shadows of the Empire (NTSC)","B24E8620"
"Star Wars Episode I - Battle for Naboo (NTSC) (Beta)","03A5CF0F"
"Star Wars Episode I - Battle for Naboo (NTSC)","1558821A"
"Star Wars Episode I - Racer (NTSC) (Aftermarket) (Unl)","D9596155"
"Star Wars Episode I - Racer (NTSC)","C3F94820"
"StarCraft 64 (NTSC) (Beta)","1465FBB1"
"StarCraft 64 (NTSC)","663F3CE1"
"Starshot - Space Circus Fever (NTSC) (En,Fr,Es)","D2AC74FA"
"Stunt Racer 64 (NTSC)","6325FA4B"
"Super Bowling (NTSC)","C8179EF6"
"Super Mario 64 (NTSC) (LodgeNet)","41D7E549"
"Super Mario 64 (NTSC)","B393776D"
"Super Smash Bros. (NTSC) (LodgeNet)","06717FBE"
"Super Smash Bros. (NTSC)","04079B93"
"Supercross 2000 (NTSC)","B7214F05"
"Superman (NTSC) (Beta) (1998-09-06)","F88D7F38"
"Superman - The New Superman Aventures (NTSC) (En,Fr,Es)","F45E7F35"
"Sydney 2000 (NTSC) (Proto)","E23E5CF6"
"Tamiya Racing 64 (NTSC) (Proto)","E22042CA"
"Tarzan (NTSC)","637FC831"
"Taz Express (NTSC) (Proto) (2000-05-15)","135973E8"
"Tetrisphere (NTSC)","558333CF"
"Tigger's Honey Hunt (NTSC)","B588D00B"
"Tom Clancy's Rainbow Six (NTSC)","2DDE91E1"
"Tom and Jerry in Fists of Furry (NTSC)","D46BD615"
"Tommy Thunder (NTSC) (Proto) (1997-10-01)","EDDBF343"
"Tonic Trouble (NTSC) (Rev 1)","647E59FF"
"Tony Hawk's Pro Skater (NTSC) (Beta)","29217DEE"
"Tony Hawk's Pro Skater (NTSC) (Rev 1)","C9C86275"
"Tony Hawk's Pro Skater (NTSC)","C7FC35D3"
"Tony Hawk's Pro Skater 2 (NTSC) (Beta) (2001-04-20)","42613854"
"Tony Hawk's Pro Skater 2 (NTSC) (v012) (Beta) (2001-06-04)","958A0AF8"
"Tony Hawk's Pro Skater 2 (NTSC)","9FC50DDD"
"Tony Hawk's Pro Skater 3 (NTSC)","9B9BB83B"
"Top Gear Hyper-Bike (NTSC) (Beta)","F4056BED"
"Top Gear Hyper-Bike (NTSC)","28AB6CA1"
"Top Gear Overdrive (NTSC) (Beta)","B0943F05"
"Top Gear Overdrive (NTSC)","E5351549"
"Top Gear Rally (NTSC)","9292BB08"
"Top Gear Rally 2 (NTSC) (Beta)","87B55B30"
"Top Gear Rally 2 (NTSC)","228C0BC9"
"Toy Story 2 - Buzz Lightyear to the Rescue! (NTSC) (Rev 1)","8064BBA8"
"Toy Story 2 - Buzz Lightyear to the Rescue! (NTSC)","75FAFE2C"
"Transformers - Beast Wars Transmetals (NTSC)","71858B71"
"Triple Play 2000 (NTSC)","2034D111"
"Turok - Dinosaur Hunter (NTSC) (Demo) (Kiosk, E3 1997)","425DDF69"
"Turok - Dinosaur Hunter (NTSC) (Rev 1)","F4131E83"
"Turok - Dinosaur Hunter (NTSC) (Rev 2)","49326676"
"Turok - Dinosaur Hunter (NTSC)","BB0605AE"
"Turok - Rage Wars (NTSC) (Rev 1)","28853BF6"
"Turok - Rage Wars (NTSC)","D976E47C"
"Turok 2 - Seeds of Evil (NTSC) (Demo) (Kiosk)","B0CFCEB2"
"Turok 2 - Seeds of Evil (NTSC) (Rev 1)","6EC0E493"
"Turok 2 - Seeds of Evil (NTSC)","54BAF797"
"Turok 3 - Shadow of Oblivion (NTSC) (Beta) (2000-05-03)","B29B50F4"
"Turok 3 - Shadow of Oblivion (NTSC) (Beta) (2000-06-26)","D2BA3AFB"
"Turok 3 - Shadow of Oblivion (NTSC) (Beta) (2000-07-16)","0DC4C7B3"
"Turok 3 - Shadow of Oblivion (NTSC) (Beta) (2000-07-18)","6C5513F9"
"Turok 3 - Shadow of Oblivion (NTSC)","96BE960F"
"Twisted Edge - Extreme Snowboarding (NTSC)","D58AB8D0"
"V-Rally Edition 99 (NTSC)","B4CDF5D8"
"Vigilante 8 (NTSC)","C9AE94FB"
"Vigilante 8 - 2nd Offense (NTSC)","534E58E0"
"Virtual Chess 64 (NTSC) (En,Fr,Es) (LodgeNet)","C17F3BD6"
"Virtual Chess 64 (NTSC) (En,Fr,Es)","D68F2B45"
"Virtual Pool 64 (NTSC) (LodgeNet)","92747E0A"
"Virtual Pool 64 (NTSC)","23A4CF27"
"WCW Backstage Assault (NTSC)","4FB4DD5F"
"WCW Mayhem (NTSC)","D90E6A67"
"WCW Nitro (NTSC)","4D845967"
"WCW vs. nWo - World Tour (NTSC) (Rev 1)","A0C63BAC"
"WCW vs. nWo - World Tour (NTSC)","36CCB8B6"
"WCW-nWo Revenge (NTSC)","34A31993"
"WWF Attitude (NTSC)","1DC8597E"
"WWF No Mercy (NTSC) (Beta) (2000-09-11)","77382C81"
"WWF No Mercy (NTSC) (Rev 1)","71DD7D13"
"WWF No Mercy (NTSC)","5DA73985"
"WWF War Zone (NTSC)","C5C6ED65"
"WWF WrestleMania 2000 (NTSC)","6D6E21DF"
"Waialae Country Club - True Golf Classics (NTSC) (Rev 1)","7D980047"
"Waialae Country Club - True Golf Classics (NTSC)","C22A994F"
"War Gods (NTSC)","AD5CC4E0"
"Wave Race 64 - Kawasaki Jet Ski (NTSC) (LodgeNet)","3BE628BF"
"Wave Race 64 - Kawasaki Jet Ski (NTSC) (Rev 1)","D7361105"
"Wave Race 64 - Kawasaki Jet Ski (NTSC)","9132FB97"
"Wayne Gretzky's 3D Hockey '98 (NTSC)","1E98D321"
"Wayne Gretzky's 3D Hockey (NTSC) (Rev 1)","E570ECA7"
"Wayne Gretzky's 3D Hockey (NTSC)","648266C8"
"Wetrix (NTSC) (En,Fr,De,Es,It,Nl)","335E71EB"
"Whack 'n' Roll (NTSC) (v0.8.2) (Beta) (1998-02-05)","1384195C"
"Wheel of Fortune (NTSC)","CBEFDE54"
"Wildwaters (NTSC) (1999-06-15) (Proto)","9CE74151"
"WinBack - Covert Operations (NTSC)","6153DE1C"
"Wipeout 64 (NTSC)","924B4B58"
"World Cup 98 (NTSC) (En,Fr,De,Es,It,Nl,Sv,Da)","3695A427"
"World Driver Championship (NTSC)","1EF07919"
"Worms Armageddon (NTSC) (En,Fr,Es) (Aftermarket) (Unl)","AAF6698C"
"Worms Armageddon (NTSC) (En,Fr,Es)","98E8864C"
"X'treme Roller (NTSC) (Proto)","2F87FC4F"
"Xena - Warrior Princess - The Talisman of Fate (NTSC)","9684939C"
"Yoshi's Story (NTSC) (En,Ja) (LodgeNet)","DD36460B"
"Yoshi's Story (NTSC) (En,Ja)","324DFA08"
"64 Hanafuda - Tenshi no Yakusoku (NTSC-J)","2CFD9378"
"64 Oozumou (NTSC-J)","0819790D"
"64 Oozumou 2 (NTSC-J)","EE588B68"
"64 Trump Collection - Alice no Wakuwaku Trump World (NTSC-J)","10426654"
"64 de Hakken!! Tamagotchi - Minna de Tamagotchi World (NTSC-J)","45AC86D2"
"AI Shougi 3 (NTSC-J)","A66A36C9"
"AeroGauge (NTSC-J) (Demo) (Kiosk)","E365DA8E"
"AeroGauge (NTSC-J) (Rev 1)","957440D8"
"Air Boarder 64 (NTSC-J)","67C15C5D"
"Akumajou Dracula Mokushiroku - Real Action Adventure (NTSC-J)","E3CCE845"
"Akumajou Dracula Mokushiroku Gaiden - Legend of Cornell (NTSC-J)","5FC8D6DF"
"Baku Bomberman (NTSC-J)","BCADFA8C"
"Baku Bomberman 2 (NTSC-J)","144B57A8"
"Bakuretsu Muteki Bangaioh (NTSC-J)","0759225A"
"Bakushou Jinsei 64 - Mezase! Resort Ou (NTSC-J)","58616813"
"Banjo to Kazooie no Daibouken (NTSC-J)","EAE78C02"
"Banjo to Kazooie no Daibouken 2 (NTSC-J)","2926AEFD"
"Bass Rush - ECOGEAR PowerWorm Championship (NTSC-J)","5743EE3C"
"Beetle Adventure Racing! (NTSC-J)","658D2F70"
"Biohazard 2 (NTSC-J)","A579EC05"
"Blastdozer (NTSC-J)","FF995A57"
"Bokujou Monogatari 2 (NTSC-J) (Rev 1)","630B2FB3"
"Bokujou Monogatari 2 (NTSC-J) (Rev 2)","97320737"
"Bokujou Monogatari 2 (NTSC-J)","6F960F7E"
"Bomberman 64 (NTSC-J)","985F2572"
"Bomberman Hero - Mirian Oujo o Sukue! (NTSC-J)","7FD22C82"
"Buck Bumble (NTSC-J)","D67C88E7"
"Chameleon Twist (NTSC-J)","D8A63277"
"Chameleon Twist 2 (NTSC-J)","0F09606C"
"Choro Q 64 (NTSC-J)","D61335B5"
"Choro Q 64 2 - Hacha Mecha Grand Prix Race (NTSC-J)","7BA1C052"
"Chou Kuukan Nighter Pro Yakyuu King (NTSC-J)","DD7D188F"
"Chou Kuukan Nighter Pro Yakyuu King 2 (NTSC-J)","45F6CC42"
"Chou Snobo Kids (NTSC-J)","DE5995A0"
"City-Tour GP - Zen-Nihon GT Senshuken (NTSC-J)","67DB6D51"
"Controller Kensa-ki NUS-yo N Cassette (NTSC-J) (Test Program)","23DA16D4"
"Custom Robo (NTSC-J)","991538EF"
"Custom Robo V2 (NTSC-J)","74345A6D"
"Dance Dance Revolution - Disney Dancing Museum (NTSC-J)","70EE4483"
"Densha de Go! 64 (NTSC-J)","8AA57FE6"
"Derby Stallion 64 (NTSC-J) (Beta) [b]","91BA18E3"
"Derby Stallion 64 (NTSC-J)","A4398603"
"Dezaemon 3D (NTSC-J)","78E2C8E0"
"Diddy Kong Racing (NTSC-J)","598AF054"
"Donkey Kong 64 (NTSC-J)","6F90DFCB"
"Doom 64 (NTSC-J)","073D64E3"
"Doraemon - Nobita to 3tsu no Seireiseki (NTSC-J)","935331E3"
"Doraemon 2 - Nobita to Hikari no Shinden (NTSC-J)","680B8FA9"
"Doraemon 3 - Nobita no Machi SOS! (NTSC-J)","9105EAA1"
"Doubutsu Banchou (NTSC-J) (Proto)","748159BE"
"Doubutsu no Mori (NTSC-J)","CC764B0B"
"Dual Heroes (NTSC-J)","AD619CBF"
"Eikou no Saint Andrews (NTSC-J)","9BDCD799"
"Eltale Monsters (NTSC-J)","D329D78F"
"Excitebike 64 (NTSC-J)","2627C941"
"Extreme-G (NTSC-J)","89D2F5F1"
"Extreme-G XG2 (NTSC-J)","6A05502F"
"F-1 World Grand Prix (NTSC-J)","BFF09CF9"
"F-Zero X (NTSC-J)","926C40C7"
"FIFA - Road to World Cup 98 - World Cup e no Michi (NTSC-J)","DADEC308"
"Famista 64 (NTSC-J)","6CAEF0AB"
"Fighting Cup (NTSC-J)","F6ACED31"
"Fushigi no Dungeon - Fuurai no Shiren 2 - Oni Shuurai! Shiren Jou! (NTSC-J)","22177C78"
"G.A.S.P!! Fighters' NEXTream (NTSC-J)","A3EE6019"
"Ganbare Goemon - Dero Dero Douchuu Obake Tenkomori (NTSC-J)","EC67B54A"
"Ganbare Goemon - Neo Momoyama Bakufu no Odori (NTSC-J)","55CCCB09"
"Ganbare! Nippon! Olympics 2000 (NTSC-J)","6F79905D"
"Gauntlet Legends (NTSC-J)","65672B10"
"Getter Love!! - Cho Renai Party Game Tanjou (NTSC-J)","67B7841E"
"Goemon - Mononoke Sugoroku (NTSC-J)","C3A3B691"
"GoldenEye 007 (NTSC-J)","10CF7BE3"
"Hamster Monogatari 64 (NTSC-J)","F650FA5F"
"Harukanaru Augusta - Masters '98 (NTSC-J)","932CFBF9"
"Heiwa Pachinko World 64 (NTSC-J)","16E0F586"
"Hexen (NTSC-J)","48EA822D"
"Hiryuu no Ken Twin (NTSC-J)","2A8B4016"
"Hoshi no Kirby 64 (NTSC-J) (Rev 1)","2EE3C2A6"
"Hoshi no Kirby 64 (NTSC-J) (Rev 2)","B63CB5B1"
"Hoshi no Kirby 64 (NTSC-J) (Rev 3)","7C0F9A1B"
"Hoshi no Kirby 64 (NTSC-J)","ADC5EE02"
"Human Grand Prix - The New Generation (NTSC-J)","C8B47E1B"
"Hybrid Heaven (NTSC-J)","9EF7F935"
"Hyper Olympics in Nagano 64 (NTSC-J)","1AAB8109"
"Ide Yosuke no Mahjong Juku (NTSC-J)","96CFB8A1"
"Iggy-kun no Bura Bura Poyon (NTSC-J)","300B031C"
"Itoi Shigesato no Bass Tsuri No. 1 Kettei Ban! (NTSC-J)","F9F98145"
"J.League Dynamite Soccer 64 (NTSC-J)","C57D8C90"
"J.League Eleven Beat 1997 (NTSC-J)","67BBB71E"
"J.League Live 64 (NTSC-J)","26DEE47D"
"J.League Tactics Soccer (NTSC-J) (Rev 1)","F7713276"
"J.League Tactics Soccer (NTSC-J)","C216D976"
"Jangou Simulation Mahjong Dou 64 (NTSC-J)","5C1C06EC"
"Jikkyou G1 Stable (NTSC-J) (Rev 1)","EBCFF225"
"Jikkyou G1 Stable (NTSC-J)","22D98176"
"Jikkyou J.League 1999 - Perfect Striker 2 (NTSC-J) (Rev 1)","A7AD5999"
"Jikkyou J.League 1999 - Perfect Striker 2 (NTSC-J)","CC8DEBFC"
"Jikkyou J.League Perfect Striker (NTSC-J)","09E5E133"
"Jikkyou Powerful Pro Yakyuu - Basic Ban 2001 (NTSC-J) (Rev 1)","193F6E2B"
"Jikkyou Powerful Pro Yakyuu - Basic Ban 2001 (NTSC-J)","7333C859"
"Jikkyou Powerful Pro Yakyuu 2000 (NTSC-J) (Rev 1)","B730B9C0"
"Jikkyou Powerful Pro Yakyuu 2000 (NTSC-J)","51F8D85C"
"Jikkyou Powerful Pro Yakyuu 4 (NTSC-J) (Beta) (1996-11-30)","FE4CD923"
"Jikkyou Powerful Pro Yakyuu 4 (NTSC-J) (Rev 1)","1C32FE49"
"Jikkyou Powerful Pro Yakyuu 4 (NTSC-J)","33FF9B1C"
"Jikkyou Powerful Pro Yakyuu 5 (NTSC-J) (Rev 1)","81E809F1"
"Jikkyou Powerful Pro Yakyuu 5 (NTSC-J) (Rev 2)","75DA8EFF"
"Jikkyou Powerful Pro Yakyuu 5 (NTSC-J)","E0767B33"
"Jikkyou Powerful Pro Yakyuu 6 (NTSC-J) (Rev 1)","5516B3DA"
"Jikkyou Powerful Pro Yakyuu 6 (NTSC-J) (Rev 2)","9FC9574F"
"Jikkyou Powerful Pro Yakyuu 6 (NTSC-J)","24F54B08"
"Jikkyou World Soccer - World Cup France '98 (NTSC-J) (Rev 1)","8FD7106C"
"Jikkyou World Soccer - World Cup France '98 (NTSC-J) (Rev 2)","B8B926EC"
"Jikkyou World Soccer - World Cup France '98 (NTSC-J)","88DCB426"
"Jikkyou World Soccer 3 (NTSC-J)","306F1923"
"Jikuu Senshi Turok (NTSC-J)","A671F5D3"
"Jinsei Game 64 (NTSC-J)","1BFA8201"
"John Romero's Daikatana (NTSC-J)","5F94C775"
"Kakutou Denshou - F-Cup Maniax (NTSC-J)","C3B9FBA9"
"King Hill 64 - Extreme Snowboarding (NTSC-J)","C2C08096"
"Kiratto Kaiketsu! 64 Tanteidan (NTSC-J)","4EF3C6F6"
"Knife Edge - Nose Gunner (NTSC-J)","1EE0A1AC"
"Last Legion UX (NTSC-J)","834DD5DC"
"Let's Smash (NTSC-J)","40577D23"
"Lode Runner 3-D (NTSC-J)","4AEDEE39"
"MRC - Multi-Racing Championship (NTSC-J)","CE11E66B"
"Magical Tetris Challenge featuring Mickey (NTSC-J)","0F4E16CC"
"Mahjong 64 (NTSC-J)","81E83731"
"Mahjong Hourouki Classic (NTSC-J)","150D5AC8"
"Mahjong Master (NTSC-J)","0AA32E3D"
"Mario Golf 64 (NTSC-J) (Rev 1)","30FB9A36"
"Mario Golf 64 (NTSC-J)","DCC73B7E"
"Mario Kart 64 (NTSC-J) (Rev 1)","51B07B43"
"Mario Kart 64 (NTSC-J)","5B38B5D2"
"Mario Party (NTSC-J)","5CA9241C"
"Mario Party 2 (NTSC-J)","F5F9C672"
"Mario Party 3 (NTSC-J)","656CB7FB"
"Mario Story (NTSC-J)","A0A2503B"
"Mario Tennis 64 (NTSC-J) (Wii Virtual Console)","29F32AC6"
"Mario Tennis 64 (NTSC-J)","8F1CAFC0"
"Mario no Photopie (NTSC-J)","5DC78F21"
"Morita Shougi 64 (NTSC-J)","33CA43D7"
"NBA in the Zone '98 (NTSC-J)","B18B47FE"
"NBA in the Zone 2 (NTSC-J)","B509AFCE"
"Neon Genesis Evangelion (NTSC-J)","6758D3C4"
"Nintama Rantarou 64 Game Gallery (NTSC-J)","969A0486"
"Nintendo 64 Modem (NTSC-J) (Add-on)","59839852"
"Nintendo All-Star! Dairantou Smash Brothers (NTSC-J)","75952447"
"Nushi Zuri 64 (NTSC-J) (Rev 1)","58415851"
"Nushi Zuri 64 (NTSC-J)","BDEE537C"
"Nushi Zuri 64 - Shiokaze ni Notte (NTSC-J)","E9B9E24F"
"Ogre Battle 64 - Person of Lordly Caliber (NTSC-J) (Rev 1)","E683967B"
"Olympic Hockey 98 (NTSC-J)","102E9B07"
"Onegai Monsters (NTSC-J)","51B12529"
"PD Ultraman Battle Collection 64 (NTSC-J)","452D4C97"
"Pachinko 365 Nichi (NTSC-J)","CA98036A"
"Parlor! Pro 64 - Pachinko Jikki Simulation Game (NTSC-J)","64154EC6"
"Perfect Dark (NTSC-J)","EE17913C"
"Pikachuu Genki de Chuu (NTSC-J) (Beta)","56E72188"
"Pikachuu Genki de Chuu (NTSC-J)","914EFF1D"
"Pilotwings 64 (NTSC-J)","10BBB638"
"Pokemon Snap (NTSC-J) (Rev 1) (Wii Virtual Console)","3E0D567F"
"Pokemon Snap (NTSC-J)","23D73715"
"Pokemon Stadium (NTSC-J)","1F3FBED8"
"Pokemon Stadium 2 (NTSC-J)","814B8D34"
"Pokemon Stadium Kin Gin (NTSC-J)","4385877D"
"Power League 64 (NTSC-J)","ADC3149F"
"Pro Mahjong Kiwame 64 (NTSC-J) (Rev 1)","C22E309C"
"Pro Mahjong Kiwame 64 (NTSC-J)","6C1A58D2"
"Pro Mahjong Tsuwamono 64 - Jansou Battle ni Chousen (NTSC-J)","DC8684F4"
"Puyo Puyo Sun 64 (NTSC-J)","4EE11850"
"Puyo Puyoon Party (NTSC-J)","82DCB67A"
"Puzzle Bobble 64 (NTSC-J)","EA7F1E54"
"Rakugakids (NTSC-J)","3DE11F3C"
"Rally '99 (NTSC-J)","E46FC562"
"Robot Poncots 64 - 7tsu no Umi no Caramel (NTSC-J)","A124D242"
"Rockman Dash - Hagane no Boukenshin (NTSC-J)","EBE67548"
"SD Hiryuu no Ken Densetsu (NTSC-J)","E4E5AC98"
"Saikyou Habu Shougi (NTSC-J)","56525BFE"
"Shadowgate 64 - Trials of the Four Towers (NTSC-J)","BC5B8A71"
"Shin Nihon Pro Wrestling Toukon Road - Brave Spirits (NTSC-J)","45848751"
"Shin Nihon Pro Wrestling Toukon Road 2 - The Next Generation (NTSC-J)","FE61D855"
"SimCity 2000 (NTSC-J)","2F9AC671"
"Snobo Kids (NTSC-J)","052DF026"
"Snow Speeder (NTSC-J)","85109BE3"
"Sonic Wings Assault (NTSC-J)","E339B46D"
"Space Dynamites (NTSC-J)","4F8B02A8"
"SpaceStation Silicon Valley (NTSC-J) (Proto)","03DC0683"
"Star Fox 64 (NTSC-J) (Rev 1) (Wii Virtual Console)","9BB86018"
"Star Fox 64 (NTSC-J)","DAA550E0"
"Star Soldier - Vanishing Earth (NTSC-J) (En) (Beta) (1998-03-10)","A60CFADE"
"Star Soldier - Vanishing Earth (NTSC-J) (En)","781E221A"
"Star Twins (NTSC-J)","57A2DB47"
"Star Wars - Shutsugeki! Rogue Chuutai (NTSC-J)","D828349D"
"Star Wars - Teikoku no Kage (NTSC-J)","031701AC"
"Star Wars Episode I - Racer (NTSC-J)","8E8C6721"
"Super B-Daman - Battle Phoenix 64 (NTSC-J)","FE27804C"
"Super Bowling (NTSC-J)","7B4558D8"
"Super Mario 64 (NTSC-J) (Rev 3) (Shindou Edition)","7F1DF0FA"
"Super Mario 64 (NTSC-J)","ACB0EAEC"
"Super Robot Spirits (NTSC-J)","DF8412DB"
"Super Robot Taisen 64 (NTSC-J)","00E58ACB"
"Super Speed Race 64 (NTSC-J)","2F5D34A8"
"Susume! Taisen Puzzle Dama - Toukon! Marutama Chou (NTSC-J)","EF8BFDAE"
"Tetris 64 (NTSC-J) (En)","44FB72E2"
"Toon Panic (NTSC-J) (Proto)","DEC83C60"
"Top Gear Hyper Bike (NTSC-J)","A7E5F392"
"Top Gear Overdrive (NTSC-J)","11281FC4"
"Top Gear Rally (NTSC-J)","A4186E0E"
"Top Gear Rally 2 (NTSC-J)","C115D939"
"Transformers - Beast Wars Metals 64 (NTSC-J)","739AC109"
"Tsumi to Batsu - Hoshi no Keishousha (NTSC-J)","F373853F"
"Utchan Nanchan no Hono no Challenger - Denryuu Ira Ira Bou (NTSC-J)","6C695DB3"
"V-Rally Edition 99 (NTSC-J)","A4CD427F"
"Viewpoint 2064 (NTSC-J) (Proto)","08C641B2"
"Violence Killer - Turok New Generation (NTSC-J)","9E268847"
"Virtual Pro Wrestling 2 - Oudou Keishou (NTSC-J)","996B9452"
"Virtual Pro Wrestling 64 (NTSC-J)","5FFB181B"
"WWF WrestleMania 2000 (NTSC-J)","E2630DE0"
"Wave Race 64 - Kawasaki Jet Ski (NTSC-J) (Rev 1)","2FEF62CB"
"Wave Race 64 - Kawasaki Jet Ski (NTSC-J) (Rev 2) (Shindou Edition)","151F2054"
"Wave Race 64 - Kawasaki Jet Ski (NTSC-J)","633D94E5"
"Wayne Gretzky's 3D Hockey (NTSC-J)","0B799677"
"Wetrix (NTSC-J)","9C0F30B1"
"Wild Choppers (NTSC-J)","820BD2A4"
"WinBack (NTSC-J) (Rev 1)","E8CCBB53"
"WinBack (NTSC-J)","40BF4219"
"Wonder Project J2 - Koruro no Mori no Jozet (NTSC-J)","99BC541C"
"Yakouchuu II - Satsujin Kouro (NTSC-J)","A7109A52"
"Yoshi Story (NTSC-J)","2F2D6478"
"Yuke Yuke!! Trouble Makers (NTSC-J)","4065901A"
"Zelda no Densetsu - Mujura no Kamen (NTSC-J) (GameCube)","A8BD6FE4"
"Zelda no Densetsu - Mujura no Kamen (NTSC-J) (Rev 1)","640F3BA9"
"Zelda no Densetsu - Mujura no Kamen (NTSC-J)","DDA88736"
"Zelda no Densetsu - Toki no Ocarina (NTSC-J) (GameCube, Zelda Collection)","98AC1104"
"Zelda no Densetsu - Toki no Ocarina (NTSC-J) (Rev 1)","1DF811D0"
"Zelda no Densetsu - Toki no Ocarina (NTSC-J) (Rev 2)","B2D74BF1"
"Zelda no Densetsu - Toki no Ocarina (NTSC-J)","AB04B9DD"
"Zelda no Densetsu - Toki no Ocarina GC (NTSC-J) (GameCube)","404AC80A"
"Zelda no Densetsu - Toki no Ocarina GC Ura (NTSC-J) (GameCube)","91547B51"
"Zool - Majuu Tsukai Densetsu (NTSC-J)","C976090C"
"007 - The World Is Not Enough (PAL) (En,Fr,De)","2A1C8D54"
"1080 Snowboarding (PAL) (En,Ja,Fr,De)","AE5178CE"
"40 Winks (PAL) (En,Es,It) (Proto) (1999-10-07)","5CBA2A00"
"Action Replay Pro 64 (PAL) (v3.0) (Unl).bin","7A4AD474"
"Action Replay Pro 64 (PAL) (v3.3) (Unl).bin","573A6503"
"AeroFighters Assault (PAL) (En,Fr,De)","DFA4D719"
"AeroGauge (PAL) (En,Fr,De)","97BD3BFA"
"Aidyn Chronicles - The First Mage (PAL) (Beta) (2001-03-02)","30D02383"
"Aidyn Chronicles - The First Mage (PAL) (Beta) (2001-04-10)","20524584"
"Aidyn Chronicles - The First Mage (PAL)","5BA2F985"
"Airboarder 64 (PAL)","04F16F48"
"All Star Tennis '99 (PAL) (En,Fr,De,Es,It)","A8F3D3CA"
"All-Star Baseball 2000 (PAL)","04FB8B29"
"All-Star Baseball 99 (PAL)","DC790223"
"Armorines - Project S.W.A.R.M. (PAL)","005574C0"
"Armorines - Project S.W.A.R.M. (Germany)","9150E7AB"
"Army Men - Sarge's Heroes (PAL) (En,Fr,De)","C6B60B5D"
"Automobili Lamborghini (PAL)","89CF454A"
"Banjo-Kazooie (PAL) (En,Fr,De)","5ECF1F02"
"Banjo-Tooie (Australia)","5C917A42"
"Banjo-Tooie (PAL) (En,Fr,De,Es)","6927C23F"
"Batman of the Future - Return of the Joker (PAL) (En,Fr,De)","79FC60D5"
"BattleTanx - Global Assault (PAL) (En,Fr,De)","393B2FB4"
"Beetle Adventure Racing! (PAL) (En,Fr,De)","9726FC1E"
"Bio F.R.E.A.K.S. (PAL)","DC21CCC6"
"Blast Corps (PAL) (En,De)","7F063AC2"
"Blues Brothers 2000 (PAL) (En,Fr,De,Es,It,Nl) (Beta) (2000-01-15) (#20)","B9525F76"
"Blues Brothers 2000 (PAL) (En,Fr,De,Es,It,Nl)","D4A19FE1"
"Body Harvest (PAL) (En,Fr,De)","9459D85D"
"Bomberman 64 (PAL)","EEF9520A"
"Bomberman Hero (PAL)","A81D877F"
"Buck Bumble (PAL) (En,Fr,De,Es,It)","3096588F"
"Bug's Life, A (PAL)","CFA6DE4A"
"Bug's Life, A (Germany)","1D7763B7"
"Bust-A-Move 2 - Arcade Edition (PAL)","0720286C"
"Bust-A-Move 3 DX (PAL)","9EDBD4A3"
"California Speed (PAL) (Proto)","E713F98B"
"Carmageddon 64 (PAL) (En,Fr,De,Es)","03AAA5D7"
"Carmageddon 64 (PAL) (En,Fr,Es,It)","BC1510FE"
"Castlevania (PAL) (En,Fr,De)","81372997"
"Castlevania - Legacy of Darkness (PAL) (En,Fr,De)","96080D48"
"Centre Court Tennis (PAL)","80A25D85"
"Chameleon Twist (PAL)","8B572B44"
"Chameleon Twist 2 (PAL)","1E0A782B"
"Charlie Blast's Territory (PAL)","9088EFAE"
"Chopper Attack (PAL)","EB928172"
"Clay Fighter 63 1-3 (PAL)","A092F6AC"
"Command & Conquer (PAL) (En,Fr)","546F4292"
"Command & Conquer (Germany)","B8536804"
"Conker's Bad Fur Day (PAL)","7DA02935"
"Cruis'n World (PAL) (Rev 1)","3ABD23B3"
"Cruis'n World (PAL)","DEC7D5E2"
"CyberTiger (PAL)","B4A2ADAC"
"Daffy Duck Starring as Duck Dodgers (PAL) (En,Fr,De,Es,It,Nl)","E729B093"
"Dark Rift (PAL)","F4AB8293"
"Destruction Derby 64 (PAL) (En,Fr,De)","F225063C"
"Diddy Kong Racing (PAL) (En,Fr,De) (Rev 1)","FB2A9FDB"
"Diddy Kong Racing (PAL) (En,Fr,De)","5B19DF8F"
"Donald Duck - Quack Attack (PAL) (En,Fr,De,Es,It)","1088ED54"
"Donkey Kong 64 (PAL) (En,Fr,De,Es)","9D1CE37D"
"Doom 64 (PAL)","FD7EE829"
"Dragon Sword 64 (PAL) (Proto)","588D2C30"
"Dual Heroes (PAL)","8151F27A"
"Duke Nukem - Zero Hour (PAL)","05F36585"
"Duke Nukem 64 (PAL) (Beta)","29CBB859"
"Duke Nukem 64 (PAL)","7009B68E"
"ECW Hardcore Revolution (PAL)","FD412645"
"ECW Hardcore Revolution (Germany)","56DA4427"
"Earthworm Jim 3D (PAL) (En,Fr,De,Es,It)","74E42A1E"
"Excitebike 64 (PAL)","A4447204"
"Extreme-G (PAL) (En,Fr,De,Es,It)","8832A4B1"
"Extreme-G XG2 (PAL) (En,Fr,De,Es,It)","5B8AECED"
"F-1 World Grand Prix (PAL) (Beta)","464BEE07"
"F-1 World Grand Prix (PAL)","26CB4086"
"F-1 World Grand Prix (Germany)","64D490B9"
"F-1 World Grand Prix II (PAL) (En,Fr,De,Es)","1069F712"
"F-Zero X (PAL)","921357E1"
"F1 Pole Position 64 (PAL) (En,Fr,De)","A866AD40"
"F1 Racing Championship (PAL) (En,Fr,De,Es,It)","C485C444"
"FIFA - Road to World Cup 98 (PAL) (En,Fr,De,Es,It,Nl,Sv)","C993D1FA"
"FIFA 64 (PAL) (En,Fr,De)","6F7DD4B6"
"FIFA 99 (PAL) (En,Fr,De,Es,It,Nl,Pt,Sv)","C46FDFB3"
"Fighters Destiny (PAL)","3BB2CDC7"
"Fighters Destiny (Germany)","864D6DFC"
"Fighting Force 64 (PAL)","83245C86"
"Flying Dragon (PAL)","BDF6B67C"
"Forsaken (PAL) (En,Fr,Es,It)","2B53089E"
"Forsaken (Germany)","EB3928CB"
"G.A.S.P!! Fighters' NEXTream (PAL)","28125FF4"
"GT 64 - Championship Edition (PAL) (En,Fr,De)","75571443"
"GameBooster 64 (PAL) (v1.1) (Unl).bin","A2D74090"
"Gauntlet Legends (PAL)","B1DB769E"
"Gex 3 - Deep Cover Gecko (PAL) (En,Es,It)","19BAAD87"
"Gex 3 - Deep Cover Gecko (PAL) (Fr,De)","B91CEA3B"
"Gex 64 - Enter the Gecko (PAL)","1F565589"
"Glover (PAL) (En,Fr,De)","84B18171"
"GoldenEye 007 (PAL)","D2602EDF"
"HSV Adventure Racing! (Australia)","1A9280C1"
"Hercules - The Legendary Journeys (PAL) (En,Fr,De,Es,It,Nl)","5C517481"
"Hexen (PAL)","C9DCE288"
"Hexen (Germany)","8CC004B7"
"Holy Magic Century (PAL)","634C0507"
"Holy Magic Century (Germany)","BCDBC0B4"
"Hot Wheels - Turbo Racing (PAL) (En,Fr,De)","B8F8647C"
"Hybrid Heaven (PAL) (En,Fr,De)","5320C6E6"
"Hydro Thunder (PAL)","E2024270"
"Iggy's Reckin' Balls (PAL)","9C8FFDE4"
"In-Fisherman - Bass Hunter 64 (PAL)","F99983E2"
"Indiana Jones and the Infernal Machine (Australia) (Proto)","E616BDE1"
"International Superstar Soccer '98 (PAL) (Beta) (1998-03-02)","2A220D06"
"International Superstar Soccer '98 (PAL)","DC4D8A26"
"International Superstar Soccer 2000 (PAL) (En,De)","54DD05F1"
"International Superstar Soccer 2000 (PAL) (Fr,It)","4D089421"
"International Superstar Soccer 64 (PAL)","3E5DC6DA"
"International Track & Field - Summer Games (PAL) (En,Fr,De)","8E899A72"
"Jeremy McGrath Supercross 2000 (PAL)","5C7DD262"
"Jet Force Gemini (PAL) (En,Fr,De,Es)","DB6728BB"
"John Romero's Daikatana (PAL) (En,Fr,De)","A71B0906"
"Killer Instinct Gold (PAL)","EEED177A"
"Kirby 64 - The Crystal Shards (PAL)","EFD236A5"
"Knife Edge - Nose Gunner (PAL)","6B15A8E5"
"Knockout Kings 2000 (PAL)","22778EEC"
"Kobe Bryant in NBA Courtside (PAL)","C2149CF8"
"LEGO Racers (PAL) (En,Fr,De,Es,It,Nl,Sv,No,Da,Fi)","150DF3E3"
"Legend of Zelda, The - Majora's Mask (PAL) (En,Fr,De,Es) (Rev 1) (Debug)","FDA45731"
"Legend of Zelda, The - Majora's Mask (PAL) (En,Fr,De,Es) (Rev 1)","B06102DD"
"Legend of Zelda, The - Majora's Mask (PAL) (En,Fr,De,Es)","0071A6DE"
"Legend of Zelda, The - Majora's Mask (PAL) (GameCube)","9E83BF3E"
"Legend of Zelda, The - Ocarina of Time (PAL) (Beta) (2003-02-13) (GameCube)","9A6F4860"
"Legend of Zelda, The - Ocarina of Time (PAL) (Beta) (2003-02-21) (GameCube) (Debug)","887C3D0E"
"Legend of Zelda, The - Ocarina of Time (PAL) (En,Fr,De) (Rev 1)","D722AE4B"
"Legend of Zelda, The - Ocarina of Time (PAL) (En,Fr,De)","7021064B"
"Legend of Zelda, The - Ocarina of Time (PAL) (GameCube)","D3174081"
"Legend of Zelda, The - Ocarina of Time - Master Quest (PAL) (En,Fr,De) (GameCube)","9EBBF464"
"Legend of Zelda, The - Ocarina of Time - Master Quest (PAL) (GameCube) (Debug)","7B32F2EA"
"Lylat Wars (Australia) (En,Fr,De)","AAEA4CDF"
"Lylatwars (PAL) (En,Fr,De)","6266A989"
"MRC - Multi-Racing Championship (PAL) (En,Fr,De)","32D9A959"
"Mace - The Dark Age (PAL)","4725DA2B"
"Madden Football 64 (PAL)","A1560F35"
"Madden NFL 99 (PAL)","BA4ECFFA"
"Magical Tetris Challenge (PAL)","A4EC38B0"
"Magical Tetris Challenge (Germany)","7E5802F0"
"Major League Baseball Featuring Ken Griffey Jr. (Australia)","559CAAE1"
"Mario Golf (PAL)","A1B1A3B0"
"Mario Kart 64 (PAL) (Rev 1)","0A00B94F"
"Mario Kart 64 (PAL)","52BA66FA"
"Mario Party (PAL) (En,Fr,De)","46B8FA4D"
"Mario Party 2 (PAL) (En,Fr,De,Es,It)","7590018A"
"Mario Party 3 (PAL) (En,Fr,De,Es)","1FEE111E"
"Mario Tennis (PAL) (Wii Virtual Console)","22C010E7"
"Mario Tennis (PAL)","2326BE29"
"Michael Owen's WLS 2000 (PAL) (En,Fr,De,Es,It) (Beta)","03867849"
"Michael Owen's WLS 2000 (PAL)","C0990687"
"Micro Machines 64 Turbo (PAL) (En,Fr,De,Es,It)","A7ACBCF2"
"Milo's Astro Lanes (PAL)","5375083D"
"Mischief Makers (PAL)","B04BF4EE"
"Mission - Impossible (PAL) (Beta)","B4DF913E"
"Mission - Impossible (PAL)","6499464B"
"Mission - Impossible (Germany)","2CC9283E"
"Monaco Grand Prix - Racing Simulation 2 (PAL) (En,Fr,Es,It)","28112E8A"
"Monster Truck Madness 64 (PAL) (En,Fr,De,Es,It)","25ED54AB"
"Mortal Kombat 4 (PAL)","EB9BAD1F"
"Mortal Kombat Mythologies - Sub-Zero (PAL)","7DA7F452"
"Mortal Kombat Trilogy (PAL)","59B531F8"
"Mystical Ninja 2 Starring Goemon (PAL) (En,Fr,De)","838E8DBA"
"Mystical Ninja Starring Goemon (PAL)","71D06F56"
"NASCAR 99 (PAL) (En,Fr,De)","6E97817E"
"NBA Hangtime (PAL)","AD5C662C"
"NBA Jam 2000 (PAL)","E469F77A"
"NBA Jam 99 (PAL)","1406C066"
"NBA Live 2000 (PAL) (En,Fr,De,Es)","0C578762"
"NBA Live 99 (PAL) (En,Fr,De,Es,It)","22F07E13"
"NBA Pro 98 (PAL)","80C72F37"
"NBA Pro 99 (PAL)","B2F2BAE9"
"NBA in the Zone 2000 (PAL)","6B74877B"
"NFL Quarterback Club 2000 (PAL)","386F4D37"
"NFL Quarterback Club 98 (PAL)","ACC4572C"
"NFL Quarterback Club 99 (PAL)","003965CA"
"NHL 99 (PAL) (En,De,Sv,Fi)","64E6FD98"
"NHL Breakaway 98 (PAL)","9B38FF6C"
"NHL Breakaway 99 (PAL)","10B0EBB2"
"NHL Pro 99 (PAL)","E2984B12"
"Nagano Winter Olympics '98 (PAL)","232F27EB"
"New Tetris, The (PAL)","C3F93DBB"
"Nuclear Strike 64 (PAL) (En,Fr)","6FB60CE5"
"Nuclear Strike 64 (Germany) (1999-11-17) (Beta)","39E53104"
"Nuclear Strike 64 (Germany)","9692836C"
"O.D.T. (PAL) (En,Fr,De,Es,It) (Proto)","3B00B757"
"Off Road Challenge (PAL)","6F03278E"
"Olympic Hockey 98 (PAL) (En,Fr,De,Es)","1AB5BE22"
"Operation WinBack (PAL) (En,Fr,De,Es,It)","350D11B2"
"PGA European Tour Golf (PAL) (En,De) (Version B.29) (Beta)","F178905B"
"PGA European Tour Golf (PAL) (En,Fr,De,Es,It)","B15B0955"
"Paper Mario (PAL) (En,Fr,De,Es)","E28A5ED5"
"Paperboy (PAL)","746C6122"
"Penny Racers (PAL)","1C6C5509"
"Perfect Dark (PAL) (2000-04-26) (Debug)","7CAC8A50"
"Perfect Dark (PAL) (En,Fr,De,Es,It)","D7D3A654"
"Pilotwings 64 (PAL) (En,Fr,De)","AD288E5D"
"Pokemon Puzzle League (PAL)","816AF3F8"
"Pokemon Puzzle League (Germany)","17D6BD79"
"Pokemon Snap (Australia)","1E3BFF15"
"Pokemon Snap (PAL)","D3D91D40"
"Pokemon Snap (Germany)","E157291E"
"Pokemon Stadium (PAL) (Rev 1)","B7D99696"
"Pokemon Stadium (PAL)","80256A83"
"Pokemon Stadium (Germany)","8F68E3B6"
"Pokemon Stadium 2 (PAL)","65D28F25"
"Pokemon Stadium 2 (Germany)","DB7E2CBD"
"Power Rangers - Lightspeed Rescue (PAL)","B02D39FB"
"Premier Manager 64 (PAL)","82F83AA0"
"Quake (PAL)","69DB4C10"
"Quake II (PAL)","5D4D34E7"
"RR64 - Ridge Racer 64 (PAL)","BCD49083"
"RTL World League Soccer 2000 (Germany)","7C7D9E99"
"Racing Simulation 2 (Germany)","BFB37153"
"Rakugakids (PAL)","B52C5792"
"Rampage - World Tour (PAL)","E334840D"
"Rampage 2 - Universal Tour (PAL)","D4BBD8D8"
"Rat Attack (PAL) (En,Fr,De,Es,It,Nl)","4A979591"
"Rayman 2 - The Great Escape (PAL) (En,Fr,De,Es,It)","A1A1BFE7"
"Re-Volt (PAL) (En,Fr,De,Es)","7E6BFD05"
"Ready 2 Rumble Boxing (PAL) (En,Fr,De)","C7252CB3"
"Resident Evil 2 (PAL) (En,Fr)","7EEC63AD"
"Road Rash 64 (PAL) (Beta) (1999-10-12)","586B084B"
"Road Rash 64 (PAL)","869FEC57"
"Roadsters (PAL) (En,Fr,De,Es,It,Nl)","4A28D3A8"
"Robotron 64 (PAL)","6E38E5BE"
"Rocket - Robot on Wheels (PAL) (Beta) (1999-09-29)","0403AF0D"
"Rocket - Robot on Wheels (PAL) (En,Fr,De)","32F7ED15"
"Rugrats - Die grosse Schatzsuche (Germany)","472EE2CA"
"Rugrats - Treasure Hunt (PAL)","63FD0B54"
"Rugrats in Paris - The Movie (PAL)","C97B65D9"
"S.C.A.R.S. (PAL) (En,Fr,De)","5F407C9D"
"San Francisco Rush - Extreme Racing (PAL) (En,Fr,De)","0FA939E3"
"San Francisco Rush 2049 (PAL) (En,Fr,De,Es,It,Nl)","F93FF2BC"
"Scooby-Doo! - Classic Creep Capers (PAL)","C37D556F"
"Shadow Man (PAL) (En,Es,It)","5B5A4062"
"Shadow Man (Germany)","71DD39A1"
"Shadowgate 64 - Trials of the Four Towers (PAL) (Es,It)","1ACB6C86"
"Shadowgate 64 - Trials of the Four Towers (PAL) (Fr,De,Nl)","2F9E5493"
"Shadowgate 64 - Trials of the Four Towers (PAL)","FC5F5EB1"
"Snowboard Kids (Europe, Australia)","6BF81223"
"Snowboard Kids 2 (Australia)","CB266ED9"
"South Park (PAL) (En,Fr,Es)","EB4F1362"
"South Park (Germany)","F344EAAD"
"South Park - Chef's Luv Shack (PAL)","542D2C4E"
"South Park Rally (PAL) (Beta) (2000-01-08)","C6BB42AE"
"South Park Rally (PAL) (Beta) (2000-01-17)","44EDEAE7"
"South Park Rally (PAL)","677BC72D"
"SpaceStation Silicon Valley (PAL) (En,Fr,De,Es,It,Nl,Pt)","7AE1599C"
"Star Wars - Rogue Squadron (PAL) (En,Fr,De) (Rev 1)","DA04DBEB"
"Star Wars - Rogue Squadron (PAL) (En,Fr,De)","4E859BBE"
"Star Wars - Shadows of the Empire (PAL)","2A4B6164"
"Star Wars Episode I - Battle for Naboo (PAL)","964259C4"
"Star Wars Episode I - Racer (PAL) (En,Fr,De)","37EE06A0"
"StarCraft 64 (Australia)","8469D0E2"
"StarCraft 64 (Germany) (Proto)","C5FE12CF"
"Starshot - Space Circus Fever (PAL) (En,Fr,De)","936D1354"
"Super Mario 64 (PAL) (En,Fr,De)","F28C8C29"
"Super Smash Bros. (Australia)","9D1A4D8C"
"Super Smash Bros. (PAL) (En,Fr,De)","9058C53F"
"Supercross 2000 (PAL) (En,Fr,De)","CE761D5A"
"Superman (PAL) (En,Fr,De,Es,It,Nl)","672501DC"
"Sydney 2000 (PAL) (Proto)","83ACFDF1"
"TG Rally 2 (PAL)","5EBDEC73"
"Tarzan (PAL)","3E65BD21"
"Tarzan (Germany)","11A3E360"
"Taz Express (PAL) (En,Fr,De,Es,It,Nl)","1977EBB0"
"Tetrisphere (PAL)","5D2AA8A2"
"Tigger's Honey Hunt (PAL) (En,Fr,De,Es,It,Nl,Da)","4DCC2A39"
"Tom Clancy's Rainbow Six (PAL)","56B5AA53"
"Tom Clancy's Rainbow Six (Germany)","E994DEDF"
"Tom and Jerry in Fists of Furry (PAL) (En,Fr,De,Es,It,Nl)","4643DAD2"
"Tonic Trouble (PAL) (Beta)","42A16B0D"
"Tonic Trouble (PAL) (En,Fr,De,Es,It)","30320509"
"Tony Hawk's Pro Skater 2 (PAL)","23DC9722"
"Tony Hawk's Skateboarding (PAL)","1C90E964"
"Top Gear Hyper Bike (PAL)","C50F5BA7"
"Top Gear Overdrive (PAL)","6BD2C883"
"Top Gear Rally (PAL)","D6294111"
"Top Gear Rally 2 (PAL) (Beta) (1999-08-31)","846DC608"
"Top Gear Rally 2 (PAL)","E6C51C6A"
"Toy Story 2 - Buzz Lightyear to the Rescue! (PAL)","75479998"
"Toy Story 2 - Captain Buzz Lightyear auf Rettungsmission! (Germany) (Rev 1)","D6EED069"
"Toy Story 2 - Captain Buzz Lightyear auf Rettungsmission! (Germany)","8163AD61"
"Turok - Dinosaur Hunter (PAL) (Rev 1)","58B4B2D6"
"Turok - Dinosaur Hunter (PAL) (Rev 2)","E595CA23"
"Turok - Dinosaur Hunter (PAL)","DFCD8214"
"Turok - Dinosaur Hunter (Germany) (Rev 1)","8FFEA208"
"Turok - Dinosaur Hunter (Germany) (Rev 2)","32DFDAFD"
"Turok - Dinosaur Hunter (Germany)","77241B9D"
"Turok - Legenden des Verlorenen Landes (Germany)","531F426F"
"Turok - Rage Wars (PAL) (En,Fr,It)","D4A1C623"
"Turok - Rage Wars (PAL)","0079994A"
"Turok 2 - Seeds of Evil (PAL) (Demo) (Kiosk)","1C6862E7"
"Turok 2 - Seeds of Evil (PAL) (En,Fr,Es,It)","6DF9F858"
"Turok 2 - Seeds of Evil (PAL)","169088D9"
"Turok 2 - Seeds of Evil (Germany)","94F87CC0"
"Turok 3 - Shadow of Oblivion (PAL) (Beta) (2000-05-31)","1551BCCC"
"Turok 3 - Shadow of Oblivion (PAL) (Beta) (2000-06-06) [b]","30927576"
"Turok 3 - Shadow of Oblivion (PAL) (Beta) (2000-07-10) [b]","4B3B3C0C"
"Turok 3 - Shadow of Oblivion (PAL) (Beta) (2000-07-16T220245)","972EB556"
"Turok 3 - Shadow of Oblivion (PAL) (Beta) (2000-07-18)","0D6910E2"
"Turok 3 - Shadow of Oblivion (PAL)","E1B84E09"
"Twisted Edge - Snowboarding (PAL)","1ACC97A4"
"V-Rally Edition 99 (PAL) (En,Fr,De)","61F3D4EA"
"Vigilante 8 (PAL)","84241E18"
"Vigilante 8 (Germany)","342BCAA9"
"Vigilante 8 - 2nd Offense (PAL)","90F6A40C"
"Virtual Chess 64 (PAL) (En,Fr,De,Es,It,Nl)","78B7C331"
"Virtual Pool 64 (PAL)","2B23EC2F"
"WCW Mayhem (PAL)","597BADE4"
"WCW vs. nWo - World Tour (PAL)","655D250E"
"WCW-nWo Revenge (PAL)","9ECC678D"
"WWF Attitude (PAL)","E47CDFAE"
"WWF Attitude (Germany)","A99E0DFA"
"WWF No Mercy (PAL) (Rev 1)","4099E8B8"
"WWF No Mercy (PAL)","417AD132"
"WWF War Zone (PAL)","9CB10BA5"
"WWF WrestleMania 2000 (PAL)","CA591482"
"Waialae Country Club - True Golf Classics (PAL) (Rev 1)","8B0CF1D2"
"Waialae Country Club - True Golf Classics (PAL)","FF798309"
"War Gods (PAL)","FF7D9736"
"Wave Race 64 - Kawasaki Jet Ski (PAL) (En,De)","75410D5C"
"Wayne Gretzky's 3D Hockey '98 (PAL) (En,Fr,De,Es)","A620C5EE"
"Wayne Gretzky's 3D Hockey (PAL) (En,Fr,De,Es)","A258DDC1"
"Wetrix (PAL) (En,Fr,De,Es,It,Nl)","9FF9DDBE"
"Wipeout 64 (PAL) (Beta)","AB5D1F22"
"Wipeout 64 (PAL)","179FAE79"
"World Cup 98 (PAL) (En,Fr,De,Es,It,Nl,Sv,Da)","DC27CA4E"
"World Driver Championship (PAL) (En,Fr,De,Es,It)","4407F6C6"
"Worms Armageddon (PAL) (En,Fr,De,Es,It,Nl)","899B8615"
"Xena - Warrior Princess - The Talisman of Fate (PAL)","DAF5D39D"
"Xplorer 64 (Germany) (v1.067) (Unl).n64","DABA6CA8"
"Yoshi's Story (PAL) (En,Fr,De)","A7A27103"
"SummerCart64 (Unknown Cartridge)","FFFFFFFE"